{
    "controller_name": "PPO Agent (stochastic)",
    "num_episodes": 1,
    "environment_params": {
        "episode_length": 3000,
        "time_step_seconds": 30,
        "heating_setpoint": 26.0,
        "cooling_setpoint": 28.0,
        "setpoint_pattern": "schedule",
        "reward_type": "balanced",
        "energy_weight": 0.1,
        "comfort_weight": 1.0
    },
    "episodes": [
        {
            "episode_id": 0,
            "total_reward": -7453.671461550932,
            "avg_reward": -2.4837292441022765,
            "comfort_metrics": {
                "ground_floor_avg_cold_violation": 0.0013328890369876708,
                "ground_floor_avg_hot_violation": 1.835063235553125,
                "ground_floor_max_violation": 4.3805248787746365,
                "top_floor_avg_cold_violation": 0.000999666777740753,
                "top_floor_avg_hot_violation": 1.6483327862899047,
                "top_floor_max_violation": 4.395618188565077,
                "time_in_comfort_band_ground_pct": 6.897700766411196,
                "time_in_comfort_band_top_pct": 8.430523158947018
            },
            "energy_metrics": {
                "ground_light_hours": 15.291666666666666,
                "top_light_hours": 3.4916666666666667,
                "total_light_hours": 18.783333333333335,
                "ground_window_open_hours": 10.033333333333333,
                "top_window_open_hours": 5.25
            }
        }
    ],
    "overall_metrics": {
        "avg_total_reward": -7453.671461550932,
        "avg_ground_comfort_pct": 6.897700766411196,
        "avg_top_comfort_pct": 8.430523158947018,
        "avg_light_energy": 18.783333333333335
    }
}