{
    "controller_name": "PPO Agent (deterministic)",
    "num_episodes": 1,
    "environment_params": {
        "episode_length": 2880,
        "time_step_seconds": 30,
        "heating_setpoint": 26.0,
        "cooling_setpoint": 28.0,
        "setpoint_pattern": "schedule",
        "reward_type": "balanced",
        "energy_weight": 1.0,
        "comfort_weight": 1.0
    },
    "episodes": [
        {
            "episode_id": 0,
            "total_reward": 2785.9244071839194,
            "avg_reward": 0.9669991000291286,
            "comfort_metrics": {
                "ground_floor_avg_cold_violation": 0.3525043453054518,
                "ground_floor_avg_hot_violation": 0.008942204362740467,
                "ground_floor_max_violation": 5.3130450510206515,
                "top_floor_avg_cold_violation": 0.19778808124570035,
                "top_floor_avg_hot_violation": 0.00969124435265512,
                "top_floor_max_violation": 4.580094692174114,
                "time_in_comfort_band_ground_pct": 66.08816383200278,
                "time_in_comfort_band_top_pct": 61.992363762582436
            },
            "energy_metrics": {
                "ground_light_hours": 1.7333333333333334,
                "top_light_hours": 0.275,
                "total_light_hours": 2.0083333333333333,
                "ground_window_open_hours": 12.925,
                "top_window_open_hours": 18.65
            }
        }
    ],
    "overall_metrics": {
        "avg_total_reward": 2785.9244071839194,
        "avg_ground_comfort_pct": 66.08816383200278,
        "avg_top_comfort_pct": 61.992363762582436,
        "avg_light_energy": 2.0083333333333333
    }
}