{
    "controller_name": "A2C Agent (deterministic)",
    "num_episodes": 1,
    "environment_params": {
        "episode_length": 5760,
        "time_step_seconds": 30,
        "heating_setpoint": 26.0,
        "cooling_setpoint": 28.0,
        "setpoint_pattern": "schedule",
        "reward_type": "balanced",
        "energy_weight": 1.0,
        "comfort_weight": 1.0,
        "random_start_time": false,
        "use_reward_shaping": true,
        "shaping_weight": 0.3
    },
    "episodes": [
        {
            "episode_id": 0,
            "total_reward": 5578.122695250252,
            "avg_reward": 0.9682559790401409,
            "episode_start_time_offset": 0.0,
            "comfort_metrics": {
                "ground_floor_avg_cold_violation": 0.06254149253015052,
                "ground_floor_avg_hot_violation": 0.023074409296603836,
                "ground_floor_max_violation": 4.451398372832347,
                "top_floor_avg_cold_violation": 0.01023458254413259,
                "top_floor_avg_hot_violation": 0.0428427903273778,
                "top_floor_max_violation": 3.523726766441527,
                "time_in_comfort_band_ground_pct": 88.04027078632181,
                "time_in_comfort_band_top_pct": 90.1058843950703
            },
            "energy_metrics": {
                "ground_light_hours": 5.733333333333333,
                "top_light_hours": 3.433333333333333,
                "total_light_hours": 9.166666666666666,
                "ground_window_open_hours": 42.891666666666666,
                "top_window_open_hours": 45.69166666666667
            }
        }
    ],
    "overall_metrics": {
        "avg_total_reward": 5578.122695250252,
        "avg_ground_comfort_pct": 88.04027078632181,
        "avg_top_comfort_pct": 90.1058843950703,
        "avg_light_energy": 9.166666666666666,
        "avg_start_time_offset": 0.0
    }
}