{
    "controller_name": "PPO Agent (deterministic)",
    "num_episodes": 1,
    "environment_params": {
        "episode_length": 2880,
        "time_step_seconds": 30,
        "heating_setpoint": 26.0,
        "cooling_setpoint": 28.0,
        "setpoint_pattern": "schedule",
        "reward_type": "balanced",
        "energy_weight": 0.8,
        "comfort_weight": 1.0,
        "random_start_time": false,
        "use_reward_shaping": true,
        "shaping_weight": 0.3
    },
    "episodes": [
        {
            "episode_id": 0,
            "total_reward": 2958.918014169227,
            "avg_reward": 1.0270454752409672,
            "episode_start_time_offset": 0.0,
            "comfort_metrics": {
                "ground_floor_avg_cold_violation": 0.020538417553318658,
                "ground_floor_avg_hot_violation": 0.019836700965742155,
                "ground_floor_max_violation": 4.5169758175526376,
                "top_floor_avg_cold_violation": 0.02524305207890791,
                "top_floor_avg_hot_violation": 0.038050865622738676,
                "top_floor_max_violation": 3.6414756104056707,
                "time_in_comfort_band_ground_pct": 97.01492537313433,
                "time_in_comfort_band_top_pct": 85.45643873654981
            },
            "energy_metrics": {
                "ground_light_hours": 2.5416666666666665,
                "top_light_hours": 0.14166666666666666,
                "total_light_hours": 2.683333333333333,
                "ground_window_open_hours": 13.8,
                "top_window_open_hours": 18.641666666666666
            }
        }
    ],
    "overall_metrics": {
        "avg_total_reward": 2958.918014169227,
        "avg_ground_comfort_pct": 97.01492537313433,
        "avg_top_comfort_pct": 85.45643873654981,
        "avg_light_energy": 2.683333333333333,
        "avg_start_time_offset": 0.0
    }
}