{
    "controller_name": "PPO Agent (stochastic)",
    "num_episodes": 1,
    "environment_params": {
        "episode_length": 2880,
        "time_step_seconds": 30,
        "heating_setpoint": 26.0,
        "cooling_setpoint": 28.0,
        "setpoint_pattern": "schedule",
        "reward_type": "balanced",
        "energy_weight": 0.1,
        "comfort_weight": 1.0
    },
    "episodes": [
        {
            "episode_id": 0,
            "total_reward": 1221.1946127751783,
            "avg_reward": 0.42387872710002716,
            "comfort_metrics": {
                "ground_floor_avg_cold_violation": 0.2745368939034414,
                "ground_floor_avg_hot_violation": 0.012830913656501599,
                "ground_floor_max_violation": 4.0,
                "top_floor_avg_cold_violation": 0.26753939621507594,
                "top_floor_avg_hot_violation": 0.023296679329744004,
                "top_floor_max_violation": 3.0,
                "time_in_comfort_band_ground_pct": 80.21520305449496,
                "time_in_comfort_band_top_pct": 75.4599097535578
            },
            "energy_metrics": {
                "ground_light_hours": 6.841666666666667,
                "top_light_hours": 0.9833333333333333,
                "total_light_hours": 7.825,
                "ground_window_open_hours": 17.958333333333332,
                "top_window_open_hours": 0.24166666666666667
            }
        }
    ],
    "overall_metrics": {
        "avg_total_reward": 1221.1946127751783,
        "avg_ground_comfort_pct": 80.21520305449496,
        "avg_top_comfort_pct": 75.4599097535578,
        "avg_light_energy": 7.825
    }
}