{
    "controller_name": "PPO Agent (deterministic)",
    "num_episodes": 1,
    "environment_params": {
        "episode_length": 2880,
        "time_step_seconds": 30,
        "heating_setpoint": 26.0,
        "cooling_setpoint": 28.0,
        "setpoint_pattern": "schedule",
        "reward_type": "balanced",
        "energy_weight": 1.0,
        "comfort_weight": 1.0
    },
    "episodes": [
        {
            "episode_id": 0,
            "total_reward": 2829.523823157566,
            "avg_reward": 0.9821325314673953,
            "comfort_metrics": {
                "ground_floor_avg_cold_violation": 0.020695486792288966,
                "ground_floor_avg_hot_violation": 0.015393259190856063,
                "ground_floor_max_violation": 4.096928305410227,
                "top_floor_avg_cold_violation": 0.01476098639710198,
                "top_floor_avg_hot_violation": 0.02225547320020186,
                "top_floor_max_violation": 3.6293279788730928,
                "time_in_comfort_band_ground_pct": 97.6049982644915,
                "time_in_comfort_band_top_pct": 94.13398125650816
            },
            "energy_metrics": {
                "ground_light_hours": 4.641666666666667,
                "top_light_hours": 0.425,
                "total_light_hours": 5.066666666666666,
                "ground_window_open_hours": 8.85,
                "top_window_open_hours": 9.658333333333333
            }
        }
    ],
    "overall_metrics": {
        "avg_total_reward": 2829.523823157566,
        "avg_ground_comfort_pct": 97.6049982644915,
        "avg_top_comfort_pct": 94.13398125650816,
        "avg_light_energy": 5.066666666666666
    }
}