{
    "controller_name": "PPO Agent (deterministic)",
    "num_episodes": 1,
    "environment_params": {
        "episode_length": 5760,
        "time_step_seconds": 30,
        "heating_setpoint": 26.0,
        "cooling_setpoint": 28.0,
        "setpoint_pattern": "schedule",
        "reward_type": "balanced",
        "energy_weight": 0.6,
        "comfort_weight": 1.0,
        "random_start_time": false,
        "use_reward_shaping": true,
        "shaping_weight": 0.3
    },
    "episodes": [
        {
            "episode_id": 0,
            "total_reward": 8459.33850042209,
            "avg_reward": 1.4683802292001547,
            "episode_start_time_offset": 0.0,
            "comfort_metrics": {
                "ground_floor_avg_cold_violation": 0.01874738934885433,
                "ground_floor_avg_hot_violation": 0.02999441659164836,
                "ground_floor_max_violation": 4.482039684751541,
                "top_floor_avg_cold_violation": 0.007518728437688171,
                "top_floor_avg_hot_violation": 0.05098632862964442,
                "top_floor_max_violation": 3.689339648424088,
                "time_in_comfort_band_ground_pct": 96.70196146502343,
                "time_in_comfort_band_top_pct": 94.39333449053984
            },
            "energy_metrics": {
                "ground_light_hours": 5.741666666666666,
                "top_light_hours": 0.3416666666666667,
                "total_light_hours": 6.083333333333333,
                "ground_window_open_hours": 30.333333333333332,
                "top_window_open_hours": 13.708333333333334
            }
        }
    ],
    "overall_metrics": {
        "avg_total_reward": 8459.33850042209,
        "avg_ground_comfort_pct": 96.70196146502343,
        "avg_top_comfort_pct": 94.39333449053984,
        "avg_light_energy": 6.083333333333333,
        "avg_start_time_offset": 0.0
    }
}