{
    "controller_name": "PPO Agent (deterministic)",
    "num_episodes": 1,
    "environment_params": {
        "episode_length": 2880,
        "time_step_seconds": 30,
        "heating_setpoint": 26.0,
        "cooling_setpoint": 28.0,
        "setpoint_pattern": "schedule",
        "reward_type": "balanced",
        "energy_weight": 1.0,
        "comfort_weight": 1.0
    },
    "episodes": [
        {
            "episode_id": 0,
            "total_reward": 2894.8235205610044,
            "avg_reward": 1.0047981674977453,
            "comfort_metrics": {
                "ground_floor_avg_cold_violation": 0.06748583482474774,
                "ground_floor_avg_hot_violation": 0.012167176806091851,
                "ground_floor_max_violation": 5.304559148856544,
                "top_floor_avg_cold_violation": 0.07062261837488401,
                "top_floor_avg_hot_violation": 0.012813724657546979,
                "top_floor_max_violation": 4.535817707578175,
                "time_in_comfort_band_ground_pct": 88.09441166261715,
                "time_in_comfort_band_top_pct": 87.26136758070115
            },
            "energy_metrics": {
                "ground_light_hours": 2.7083333333333335,
                "top_light_hours": 0.225,
                "total_light_hours": 2.933333333333333,
                "ground_window_open_hours": 9.75,
                "top_window_open_hours": 10.575
            }
        }
    ],
    "overall_metrics": {
        "avg_total_reward": 2894.8235205610044,
        "avg_ground_comfort_pct": 88.09441166261715,
        "avg_top_comfort_pct": 87.26136758070115,
        "avg_light_energy": 2.933333333333333
    }
}