{
    "controller_name": "PPO Agent (stochastic)",
    "num_episodes": 1,
    "environment_params": {
        "episode_length": 1000,
        "time_step_seconds": 30,
        "heating_setpoint": 26.0,
        "cooling_setpoint": 28.0,
        "setpoint_pattern": "fixed",
        "reward_type": "balanced",
        "energy_weight": 0.1,
        "comfort_weight": 1.0
    },
    "episodes": [
        {
            "episode_id": 0,
            "total_reward": -2018.0383029574891,
            "avg_reward": -2.0160222806768124,
            "comfort_metrics": {
                "ground_floor_avg_cold_violation": 0.516217570511012,
                "ground_floor_avg_hot_violation": 0.9487369282520948,
                "ground_floor_max_violation": 4.0,
                "top_floor_avg_cold_violation": 0.6259583010826514,
                "top_floor_avg_hot_violation": 0.9311034868250602,
                "top_floor_max_violation": 4.343946574282796,
                "time_in_comfort_band_ground_pct": 16.783216783216783,
                "time_in_comfort_band_top_pct": 12.787212787212788
            },
            "energy_metrics": {
                "ground_light_hours": 5.483333333333333,
                "top_light_hours": 1.3833333333333333,
                "total_light_hours": 6.866666666666666,
                "ground_window_open_hours": 3.8,
                "top_window_open_hours": 1.8666666666666667
            }
        }
    ],
    "overall_metrics": {
        "avg_total_reward": -2018.0383029574891,
        "avg_ground_comfort_pct": 16.783216783216783,
        "avg_top_comfort_pct": 12.787212787212788,
        "avg_light_energy": 6.866666666666666
    }
}