{
    "controller_name": "PPO Agent (deterministic)",
    "num_episodes": 1,
    "environment_params": {
        "episode_length": 5760,
        "time_step_seconds": 30,
        "heating_setpoint": 26.0,
        "cooling_setpoint": 28.0,
        "setpoint_pattern": "schedule",
        "reward_type": "balanced",
        "energy_weight": 0.4,
        "comfort_weight": 1.0,
        "random_start_time": false,
        "use_reward_shaping": true,
        "shaping_weight": 0.3
    },
    "episodes": [
        {
            "episode_id": 0,
            "total_reward": 7320.56323442317,
            "avg_reward": 1.2707105076242267,
            "episode_start_time_offset": 0.0,
            "comfort_metrics": {
                "ground_floor_avg_cold_violation": 0.019047691853337705,
                "ground_floor_avg_hot_violation": 0.0348756478836913,
                "ground_floor_max_violation": 4.5212889305956665,
                "top_floor_avg_cold_violation": 0.008232941898981987,
                "top_floor_avg_hot_violation": 0.05640846026979733,
                "top_floor_max_violation": 3.6855993603624526,
                "time_in_comfort_band_ground_pct": 96.38951570907828,
                "time_in_comfort_band_top_pct": 93.12619336920673
            },
            "energy_metrics": {
                "ground_light_hours": 5.875,
                "top_light_hours": 0.3416666666666667,
                "total_light_hours": 6.216666666666667,
                "ground_window_open_hours": 11.883333333333333,
                "top_window_open_hours": 29.241666666666667
            }
        }
    ],
    "overall_metrics": {
        "avg_total_reward": 7320.56323442317,
        "avg_ground_comfort_pct": 96.38951570907828,
        "avg_top_comfort_pct": 93.12619336920673,
        "avg_light_energy": 6.216666666666667,
        "avg_start_time_offset": 0.0
    }
}