{
    "controller_name": "PPO Agent (stochastic)",
    "num_episodes": 1,
    "environment_params": {
        "episode_length": 1000,
        "time_step_seconds": 30,
        "heating_setpoint": 26.0,
        "cooling_setpoint": 28.0,
        "setpoint_pattern": "fixed",
        "reward_type": "balanced",
        "energy_weight": 0.1,
        "comfort_weight": 1.0
    },
    "episodes": [
        {
            "episode_id": 0,
            "total_reward": 922.4910703681164,
            "avg_reward": 0.9215695008672492,
            "comfort_metrics": {
                "ground_floor_avg_cold_violation": 0.04781794049429068,
                "ground_floor_avg_hot_violation": 0.007251312915888727,
                "ground_floor_max_violation": 4.0,
                "top_floor_avg_cold_violation": 0.015178312366631284,
                "top_floor_avg_hot_violation": 0.014176939349946212,
                "top_floor_max_violation": 3.0,
                "time_in_comfort_band_ground_pct": 92.9070929070929,
                "time_in_comfort_band_top_pct": 92.20779220779221
            },
            "energy_metrics": {
                "ground_light_hours": 5.483333333333333,
                "top_light_hours": 1.375,
                "total_light_hours": 6.858333333333333,
                "ground_window_open_hours": 3.816666666666667,
                "top_window_open_hours": 1.8833333333333333
            }
        }
    ],
    "overall_metrics": {
        "avg_total_reward": 922.4910703681164,
        "avg_ground_comfort_pct": 92.9070929070929,
        "avg_top_comfort_pct": 92.20779220779221,
        "avg_light_energy": 6.858333333333333
    }
}