{
    "controller_name": "PPO Agent (stochastic)",
    "num_episodes": 1,
    "environment_params": {
        "episode_length": 5000,
        "time_step_seconds": 30,
        "heating_setpoint": 26.0,
        "cooling_setpoint": 28.0,
        "setpoint_pattern": "fixed",
        "reward_type": "balanced",
        "energy_weight": 0.1,
        "comfort_weight": 1.0
    },
    "episodes": [
        {
            "episode_id": 0,
            "total_reward": 4316.519235781077,
            "avg_reward": 0.8631312209120331,
            "comfort_metrics": {
                "ground_floor_avg_cold_violation": 0.06414487794603,
                "ground_floor_avg_hot_violation": 0.0021914045620732,
                "ground_floor_max_violation": 4.0,
                "top_floor_avg_cold_violation": 0.06858518722870993,
                "top_floor_avg_hot_violation": 0.0031470693991442517,
                "top_floor_max_violation": 3.0,
                "time_in_comfort_band_ground_pct": 76.08478304339133,
                "time_in_comfort_band_top_pct": 76.64467106578684
            },
            "energy_metrics": {
                "ground_light_hours": 24.116666666666667,
                "top_light_hours": 5.65,
                "total_light_hours": 29.766666666666666,
                "ground_window_open_hours": 15.933333333333334,
                "top_window_open_hours": 9.391666666666667
            }
        }
    ],
    "overall_metrics": {
        "avg_total_reward": 4316.519235781077,
        "avg_ground_comfort_pct": 76.08478304339133,
        "avg_top_comfort_pct": 76.64467106578684,
        "avg_light_energy": 29.766666666666666
    }
}