{
    "controller_name": "Simple Rule-Based Controller",
    "num_episodes": 1,
    "environment_params": {
        "episode_length": 2880,
        "time_step_seconds": 30,
        "heating_setpoint": 26.0,
        "cooling_setpoint": 28.0,
        "setpoint_pattern": "schedule",
        "reward_type": "balanced",
        "energy_weight": 0.1,
        "comfort_weight": 1.0
    },
    "episodes": [
        {
            "episode_id": 0,
            "total_reward": 2698.0300602629413,
            "avg_reward": 0.9364908227222982,
            "comfort_metrics": {
                "ground_floor_avg_cold_violation": 0.02188707601966001,
                "ground_floor_avg_hot_violation": 0.012421685799475331,
                "ground_floor_max_violation": 4.390928591406819,
                "top_floor_avg_cold_violation": 0.009264790958402543,
                "top_floor_avg_hot_violation": 0.02201823470495374,
                "top_floor_max_violation": 3.854783188741159,
                "time_in_comfort_band_ground_pct": 97.84796945505033,
                "time_in_comfort_band_top_pct": 97.84796945505033
            },
            "energy_metrics": {
                "ground_light_hours": 4.175,
                "top_light_hours": 0.5833333333333334,
                "total_light_hours": 4.758333333333334,
                "ground_window_open_hours": 19.825,
                "top_window_open_hours": 23.416666666666668
            }
        }
    ],
    "overall_metrics": {
        "avg_total_reward": 2698.0300602629413,
        "avg_ground_comfort_pct": 97.84796945505033,
        "avg_top_comfort_pct": 97.84796945505033,
        "avg_light_energy": 4.758333333333334
    }
}