{
    "controller_name": "PPO Agent (deterministic)",
    "num_episodes": 1,
    "environment_params": {
        "episode_length": 5760,
        "time_step_seconds": 30,
        "heating_setpoint": 26.0,
        "cooling_setpoint": 28.0,
        "setpoint_pattern": "schedule",
        "reward_type": "balanced",
        "energy_weight": 1.0,
        "comfort_weight": 0.4,
        "random_start_time": false,
        "use_reward_shaping": true,
        "shaping_weight": 0.3
    },
    "episodes": [
        {
            "episode_id": 0,
            "total_reward": 6795.610141013678,
            "avg_reward": 1.1795886375652973,
            "episode_start_time_offset": 0.0,
            "comfort_metrics": {
                "ground_floor_avg_cold_violation": 0.021575310861938812,
                "ground_floor_avg_hot_violation": 0.02115252454377256,
                "ground_floor_max_violation": 4.549643817828279,
                "top_floor_avg_cold_violation": 0.007670458821692077,
                "top_floor_avg_hot_violation": 0.0466456655753593,
                "top_floor_max_violation": 3.7718432004310323,
                "time_in_comfort_band_ground_pct": 90.81756639472314,
                "time_in_comfort_band_top_pct": 94.98350980732512
            },
            "energy_metrics": {
                "ground_light_hours": 4.95,
                "top_light_hours": 0.8916666666666667,
                "total_light_hours": 5.841666666666667,
                "ground_window_open_hours": 39.608333333333334,
                "top_window_open_hours": 44.34166666666667
            }
        }
    ],
    "overall_metrics": {
        "avg_total_reward": 6795.610141013678,
        "avg_ground_comfort_pct": 90.81756639472314,
        "avg_top_comfort_pct": 94.98350980732512,
        "avg_light_energy": 5.841666666666667,
        "avg_start_time_offset": 0.0
    }
}