{
    "controller_name": "PPO Agent (deterministic)",
    "num_episodes": 1,
    "environment_params": {
        "episode_length": 5760,
        "time_step_seconds": 30,
        "heating_setpoint": 26.0,
        "cooling_setpoint": 28.0,
        "setpoint_pattern": "schedule",
        "reward_type": "balanced",
        "energy_weight": 0.8,
        "comfort_weight": 1.0,
        "random_start_time": false,
        "use_reward_shaping": true,
        "shaping_weight": 0.3
    },
    "episodes": [
        {
            "episode_id": 0,
            "total_reward": 9495.416790881129,
            "avg_reward": 1.6482237095783943,
            "episode_start_time_offset": 0.0,
            "comfort_metrics": {
                "ground_floor_avg_cold_violation": 0.01964338224944722,
                "ground_floor_avg_hot_violation": 0.021756507446902915,
                "ground_floor_max_violation": 4.471222355593234,
                "top_floor_avg_cold_violation": 0.016984853422397764,
                "top_floor_avg_hot_violation": 0.046308266634706156,
                "top_floor_max_violation": 3.7751313149558,
                "time_in_comfort_band_ground_pct": 96.96233292831106,
                "time_in_comfort_band_top_pct": 94.46276688074987
            },
            "energy_metrics": {
                "ground_light_hours": 5.108333333333333,
                "top_light_hours": 0.825,
                "total_light_hours": 5.933333333333334,
                "ground_window_open_hours": 18.191666666666666,
                "top_window_open_hours": 13.691666666666666
            }
        }
    ],
    "overall_metrics": {
        "avg_total_reward": 9495.416790881129,
        "avg_ground_comfort_pct": 96.96233292831106,
        "avg_top_comfort_pct": 94.46276688074987,
        "avg_light_energy": 5.933333333333334,
        "avg_start_time_offset": 0.0
    }
}